128,Index.java
324,Connection.java
26,DatabaseMgr.java
61,Driver.java
1255,ResultSet.java
157,ResultSetMetaData.java
300,Statement.java
143,Disk.java
124,MemoryBuffer.java
75,Main.java
145,Optimization.java
4168,FatwormLexer.java
8092,FatwormParser.java
39,AS.java
33,ColumnName.java
45,DBS.java
48,DeletePlan.java
65,Expr.java
21,FromPlan.java
31,IndexPlan.java
41,InsertPlan.java
6,Plan.java
203,SelectPlan.java
178,Transfer.java
63,UpdatePlan.java
136,Value.java
53,AddColScan.java
65,AsScan.java
95,Column.java
67,ColumnSchema.java
73,ConditionScan.java
45,ConstantScan.java
86,DistinctScan.java
308,GroupScan.java
113,Insert.java
85,MetaData.java
151,OnePatternScan.java
198,ProductScan.java
303,ProjectScan.java
96,RangeScan.java
12,Scan.java
91,SortScan.java
194,Table.java
65,TableScan.java
139,Tuple.java
183,TupleSchema.java
56,BOOL.java
55,CHAR.java
65,DATE.java
64,DECIMAL.java
71,FLOAT.java
58,Field.java
68,INT.java
49,NULL.java
64,TIMESTAMP.java
55,VARCHAR.java
319,Env.java
13,Error.java
276,Util.java
19542,Total
